-0.04222402349114418	0.2364710569381714	0.1381704956293106	0.30931761860847473	-0.030806340277194977	-0.1505294293165207	0.1894620805978775	0.3240545094013214	-0.2576594352722168	-0.1812443733215332	0.08013211935758591	-0.19218778610229492	0.030687732622027397	0.12244316935539246	0.06083955988287926	-0.05666216462850571	0.24318866431713104	0.050494153052568436	-0.20163336396217346	-0.4381386935710907	0.1039855107665062	0.05519508197903633	0.17111273109912872	-0.11322789639234543	0.008071202784776688	0.0003899044531863183	-0.11215538531541824	0.1238788291811943	-0.03312272951006889	-0.02011300064623356	-0.04728655517101288	-0.036964450031518936	0.07264967262744904	-0.0975160226225853	-0.07351754605770111	0.013719502836465836	0.09886741638183594	0.0007400228059850633	-0.0483931265771389	-0.05007373169064522	-0.0463700070977211	0.01836869679391384	-0.08152841776609421	0.0477752685546875	0.019062595441937447	0.0009157852618955076	-0.06706380844116211	0.0262280460447073	0.049356814473867416	0.05881342664361	-0.0668143481016159	-0.011964639648795128	-0.024070842191576958	-0.022993365302681923	0.016560522839426994	-0.012587401084601879	0.053259577602148056	-0.05687050521373749	-0.018537122756242752	0.06271123141050339	0.005924195982515812	-0.02368484064936638	0.005098673980683088	-0.02618059143424034	-0.16633617877960205	0.3998229205608368	0.10220443457365036	0.28997838497161865	-0.3002738952636719	0.12558619678020477	0.044255733489990234	0.301396906375885	0.24643850326538086	-0.009444493800401688	0.16578218340873718	0.08620136231184006	0.2030804604291916	0.13761529326438904	-0.07622407376766205	-0.20465774834156036	-0.05038788914680481	0.005051380954682827	0.014757225289940834	0.053800251334905624	0.005868031643331051	0.010703371837735176	0.005225395783782005	-0.023892739787697792	0.016452986747026443	0.027032697573304176	0.00518448930233717	-0.0062196399085223675	0.0057032001204788685	0.0112380376085639	0.10423868894577026	0.01578456163406372	-0.02936006709933281	-0.02989630587399006	0.05054020136594772	0.07613606750965118
-0.13698120415210724	0.19980952143669128	0.1553068310022354	0.0944058746099472	0.06626546382904053	-0.21200278401374817	0.15988612174987793	0.4469051659107208	-0.21587185561656952	-0.21787168085575104	-0.009547031484544277	-0.2473127245903015	-0.016049979254603386	0.019323404878377914	0.028005648404359818	0.04756524786353111	0.04290343448519707	0.060853201895952225	-0.01837482675909996	-0.06112146005034447	-0.008234439417719841	-0.05822942405939102	0.09422770142555237	-0.12461662292480469	0.008817143738269806	0.053858816623687744	-0.10490905493497849	0.02978731505572796	-0.046463411301374435	0.19372445344924927	0.3259926438331604	-0.30561578273773193	-0.007261216174811125	-0.15152297914028168	0.020860906690359116	0.09627139568328857	0.17099446058273315	0.08989712595939636	0.059324365109205246	0.06340254098176956	0.1467633843421936	-0.12673811614513397	-0.11348497122526169	0.03460494801402092	-0.014070308767259121	-0.08163971453905106	-0.079717718064785	-0.12873877584934235	0.07274375110864639	0.14616863429546356	0.20838454365730286	-0.22057297825813293	-0.060104820877313614	0.029895542189478874	-0.14818571507930756	0.048079583793878555	0.2925574481487274	-0.06010933965444565	-0.09180314838886261	0.12283370643854141	-0.1553168147802353	-0.058816470205783844	0.14949020743370056	-0.007095940411090851	0.00945733580738306	0.15062668919563293	0.11155504733324051	-0.04912789538502693	-0.006020474247634411	0.06301292777061462	-0.05037946254014969	-0.031765904277563095	0.0826423242688179	0.1104249507188797	0.0007275824900716543	-0.012861057184636593	0.1286163628101349	0.13391442596912384	0.030595341697335243	-0.08010471612215042	-0.4745963215827942	-0.004387642256915569	0.21762868762016296	0.054387494921684265	-0.10352202504873276	-0.16248656809329987	0.2299068719148636	-0.21709823608398438	0.1443168669939041	0.1047017052769661	0.3103085160255432	0.08690448105335236	0.08570966124534607	-0.1217193752527237	0.19822381436824799	0.03566808998584747	0.09332279115915298	-0.02391587197780609	-0.023328494280576706	0.1413094401359558
-0.0201241634786129	0.03841874748468399	-0.0892234817147255	-0.0075990017503499985	0.06541076302528381	0.01731053553521633	0.003965715412050486	0.06418502330780029	-0.24628537893295288	-0.16192148625850677	0.007917974144220352	-0.17287716269493103	0.0524778813123703	0.04594055190682411	0.10322868078947067	-0.041254788637161255	0.1860082894563675	0.13108694553375244	-0.1852862685918808	-0.2770706117153168	-0.033710967749357224	-0.03252314776182175	0.044075217097997665	-0.055513784289360046	0.007715708110481501	0.02942531742155552	-0.18896254897117615	0.19183042645454407	-0.13331906497478485	0.10972869396209717	0.26943239569664	-0.2788047194480896	0.012639092281460762	-0.348896861076355	-0.18681296706199646	0.13981470465660095	0.32672664523124695	0.17910230159759521	-0.06309403479099274	-0.06489323824644089	0.16115924715995789	-0.15608559548854828	-0.2790037989616394	0.2782931625843048	0.08908639848232269	-0.0853644609451294	-0.18175773322582245	-0.12381864339113235	0.172483429312706	0.19055874645709991	0.1337423026561737	-0.25788602232933044	-0.1297059953212738	-0.10641242563724518	-0.21098290383815765	-0.009375517256557941	0.08129837363958359	-0.07709571719169617	-0.06993327289819717	0.009340434335172176	0.01716543175280094	-0.03642037883400917	0.2545657157897949	-0.0007695163367316127	-0.11304927617311478	0.25887104868888855	0.09777233004570007	0.1471012830734253	-0.22457894682884216	0.06479229778051376	0.053233444690704346	0.17426232993602753	0.11165181547403336	0.06773871928453445	0.055041756480932236	0.09990885853767395	0.06005997955799103	0.1029946580529213	-0.03405178338289261	-0.07748648524284363	-0.09310887008905411	-0.07404696941375732	-0.023082759231328964	0.02700585499405861	0.010946013033390045	-0.0704462081193924	0.019987918436527252	-0.03415210545063019	0.06835554540157318	-0.010762720368802547	-0.014616809785366058	0.07247883081436157	0.12920333445072174	-0.024267690256237984	0.2947051525115967	0.019511902704834938	0.08419611304998398	-0.04124297574162483	0.06906785815954208	0.02567165717482567
-0.12842261791229248	0.36810219287872314	0.17093172669410706	0.3607785701751709	0.03974554315209389	-0.22372271120548248	0.2594156861305237	0.5289965867996216	-0.2807111442089081	-0.2506273686885834	0.08620605617761612	-0.21767187118530273	0.05739031732082367	0.07575353980064392	0.09456777572631836	-0.04571182280778885	0.20016230642795563	0.05649372935295105	-0.15925343334674835	-0.24920296669006348	0.01577412150800228	-0.024239419028162956	0.017226673662662506	0.01734621450304985	-0.045019302517175674	0.00495785940438509	-0.0032902902457863092	0.07475803792476654	-0.017393341287970543	-0.001269849599339068	0.0034423619508743286	-0.03373079374432564	-0.01350382436066866	-0.04691421613097191	0.001005291473120451	0.04240766540169716	0.11814040690660477	0.002094666939228773	-0.0623813159763813	0.03115895949304104	0.05143434926867485	-0.033828336745500565	-0.05037066712975502	0.09794443100690842	0.07412417232990265	-0.02736485004425049	-0.07577525824308395	-0.0738222599029541	0.09911373257637024	0.07491571456193924	0.04989967122673988	-0.09210002422332764	-0.06635870039463043	-0.07645507901906967	-0.07160157710313797	0.019015785306692123	0.0721593126654625	-0.002801742637529969	-0.005160124972462654	0.02491385117173195	0.04274662584066391	0.02421167492866516	0.015549594536423683	-0.00242851534858346	-0.026703471317887306	0.09905000776052475	0.0384971909224987	0.12536700069904327	-0.25396761298179626	0.07719463109970093	0.04968075454235077	0.20004071295261383	0.22820554673671722	0.08867241442203522	0.16275791823863983	0.07502753287553787	0.1989179253578186	0.2250388264656067	-0.06765983998775482	-0.18256701529026031	-0.33664339780807495	-0.005563764832913876	0.09920840710401535	0.10863582789897919	-0.03359497711062431	-0.05760474130511284	0.14114055037498474	-0.056029804050922394	0.060202233493328094	0.004162339493632317	0.10057924687862396	0.027144094929099083	0.07527466863393784	-0.02959585189819336	0.2836790382862091	0.0053618429228663445	0.06828874349594116	-0.049474433064460754	0.03943347930908203	0.11574146151542664
-0.10464701801538467	0.2690611183643341	0.14282657206058502	0.23737531900405884	0.050577156245708466	-0.16570866107940674	0.1855086237192154	0.41714537143707275	-0.1908550262451172	-0.17350292205810547	0.027262791991233826	-0.16967180371284485	0.016491945832967758	0.047487325966358185	0.03860880434513092	-0.010564581491053104	0.13206034898757935	0.05486953631043434	-0.054508306086063385	-0.16289930045604706	0.020997337996959686	-0.044479239732027054	0.0367446206510067	-0.015138582326471806	-0.03592547029256821	0.04022785648703575	-0.05277557298541069	0.06141752749681473	-0.023431703448295593	0.05801312252879143	0.1088164895772934	-0.09527254104614258	-0.0010460356716066599	-0.13081735372543335	-0.0007175125647336245	0.03942142426967621	0.12170302122831345	0.047300465404987335	-0.03337810933589935	0.025731461122632027	0.11511196196079254	-0.09571274369955063	-0.10980088263750076	0.11693872511386871	0.039201878011226654	-0.06809545308351517	-0.09627268463373184	-0.1040479764342308	0.09820814430713654	0.0876869410276413	0.10467349737882614	-0.12855200469493866	-0.04721055552363396	-0.04503242298960686	-0.09851781278848648	0.015238798223435879	0.1316719651222229	-0.052859872579574585	-0.041088905185461044	0.04332053288817406	-0.04864109307527542	-0.02977260760962963	0.09963439404964447	0.023375818505883217	-0.011111458763480186	0.08261063694953918	0.057439569383859634	0.04416791722178459	-0.13960111141204834	0.06763800978660583	0.006511647254228592	0.1079634502530098	0.14045807719230652	0.07710137218236923	0.10999072343111038	0.03973207622766495	0.1522955298423767	0.1758960485458374	-0.012875000946223736	-0.12220307439565659	-0.4295186996459961	-0.026046661660075188	0.1546490639448166	0.09798295050859451	-0.07894105464220047	-0.11973876506090164	0.22104160487651825	-0.11519508063793182	0.07605548202991486	0.04882410541176796	0.2428921014070511	0.047228407114744186	0.10826241970062256	-0.06662534922361374	0.31181323528289795	0.009730123914778233	0.10652073472738266	-0.01770596206188202	0.025978049263358116	0.19554966688156128
-0.06986833363771439	0.12484535574913025	0.07483610510826111	0.0915471538901329	0.0017025895649567246	-0.11170696467161179	0.1082376167178154	0.23609432578086853	-0.22794635593891144	-0.19313547015190125	0.010882292874157429	-0.20994970202445984	-0.004431542474776506	0.03573296591639519	0.04476623609662056	-0.02383830025792122	0.16362988948822021	0.03528635576367378	-0.12323452532291412	-0.32566097378730774	0.0742720440030098	0.025401953607797623	0.2299419343471527	-0.15057621896266937	-0.018046390265226364	0.06485698372125626	-0.25633808970451355	0.13813556730747223	-0.08019963651895523	0.14411620795726776	0.2715837061405182	-0.3086772859096527	0.061533123254776	-0.30452191829681396	-0.1251041442155838	0.136514350771904	0.19598759710788727	0.10843247920274734	-0.018760530278086662	-0.04782375693321228	0.12630507349967957	-0.1110236793756485	-0.1884309947490692	0.11506029218435287	0.003281930461525917	-0.06598043441772461	-0.10384132713079453	-0.04645391181111336	0.06546276062726974	0.11708402633666992	0.08492034673690796	-0.14179454743862152	-0.04075632616877556	0.014535922557115555	-0.11231906712055206	0.011811656877398491	0.17914946377277374	-0.08388693630695343	-0.07155276834964752	0.05936340615153313	-0.10255657881498337	-0.07149165123701096	0.23153246939182281	-0.014155490323901176	-0.081992968916893	0.2649471163749695	0.0848098024725914	0.11768408864736557	-0.0605403296649456	0.013027365319430828	0.006581464316695929	0.06352318078279495	0.06060473620891571	0.03359956666827202	0.011471341364085674	0.028988242149353027	0.018759461119771004	0.02603624202311039	0.008627409115433693	-0.016296859830617905	-0.10707856714725494	-0.029312143102288246	0.05763044208288193	0.004349782597273588	-0.015930721536278725	-0.068264439702034	0.046848226338624954	-0.05808889493346214	0.06884913891553879	0.05772429332137108	0.12323465943336487	0.07256351411342621	0.03262466937303543	-0.038832344114780426	0.15880291163921356	0.038605671375989914	0.022710593417286873	-0.038105741143226624	0.022970914840698242	0.05196196213364601
-0.041427891701459885	0.16052283346652985	0.09838449954986572	0.19393061101436615	-0.0029086899012327194	-0.08809088915586472	0.11089663952589035	0.21705588698387146	-0.1680949479341507	-0.13321484625339508	0.03577756881713867	-0.1523141860961914	0.012108051218092442	0.0742718055844307	0.027888456359505653	-0.023237736895680428	0.20031630992889404	0.03933853656053543	-0.1066618487238884	-0.33479735255241394	0.0956767275929451	0.04097272828221321	0.16991305351257324	-0.09915589541196823	-0.008740553632378578	0.05380232632160187	-0.1561429798603058	0.09665901958942413	-0.03383637219667435	0.0340389758348465	0.0956869050860405	-0.11109817773103714	0.0672442764043808	-0.19299563765525818	-0.11457141488790512	0.06689012795686722	0.12328673899173737	0.042536817491054535	-0.06716413050889969	-0.05665325000882149	0.09691378474235535	-0.07119543850421906	-0.15030454099178314	0.12153147161006927	0.013817246071994305	-0.029888948425650597	-0.1087627112865448	-0.05634176731109619	0.05190068110823631	0.07239716500043869	0.017923125997185707	-0.08056138455867767	-0.054018959403038025	-0.009312651120126247	-0.05977785587310791	-0.014985733665525913	0.09403948485851288	-0.07360006868839264	-0.033178988844156265	0.032864026725292206	-0.08865141123533249	-0.06392914056777954	0.17895647883415222	0.015777476131916046	-0.12178939580917358	0.30619627237319946	0.07390282303094864	0.17497608065605164	-0.15911754965782166	0.05810723453760147	0.021033011376857758	0.17406116425991058	0.1182246059179306	0.006900628097355366	0.10641854256391525	0.02906389907002449	0.11599720269441605	0.08135301619768143	-0.028311382979154587	-0.07392248511314392	-0.16748717427253723	-0.038279686123132706	0.0530129037797451	0.0689622014760971	-0.030522897839546204	-0.05478290840983391	0.09559015184640884	-0.07686232030391693	0.0435083843767643	0.0622970350086689	0.13687950372695923	0.05173589661717415	0.06057307869195938	-0.030516771599650383	0.2351951003074646	0.03427228331565857	0.05008940026164055	-0.012343034148216248	0.04796987771987915	0.16675978899002075
-0.0781632587313652	0.2854306101799011	0.16693951189517975	0.2848556935787201	0.02417047880589962	-0.17241211235523224	0.20904158055782318	0.3989216685295105	-0.23408767580986023	-0.2123316377401352	0.0547683984041214	-0.20794853568077087	0.03262050077319145	0.050840601325035095	0.049535468220710754	-0.023733364418148994	0.21367992460727692	0.056560102850198746	-0.14199763536453247	-0.30810755491256714	0.055532459169626236	0.010106728412210941	0.12328771501779556	-0.09273441135883331	-0.04649507626891136	0.05121482163667679	-0.14513073861598969	0.11547189950942993	-0.052694469690322876	0.07054696977138519	0.11357467621564865	-0.1460854858160019	0.01603899709880352	-0.14192724227905273	-0.05125909671187401	0.04302583634853363	0.09212680160999298	0.04071950912475586	-0.029041606932878494	-0.0007857799646444619	0.07726038992404938	-0.061725009232759476	-0.08155139535665512	0.09349831193685532	0.04396561160683632	-0.033921919763088226	-0.09013722836971283	-0.05971921607851982	0.0865250676870346	0.07827775180339813	0.02829604409635067	-0.095736064016819	-0.029286034405231476	-0.05871448665857315	-0.07733558118343353	0.02091909572482109	0.08859192579984665	-0.026864858344197273	-0.028195548802614212	0.05664144828915596	-0.025543658062815666	-0.03688698261976242	0.10241663455963135	0.01742585562169552	-0.05259820073843002	0.18412385880947113	0.03813058137893677	0.12220626324415207	-0.12569449841976166	0.02640666626393795	0.02758808247745037	0.09891638904809952	0.14397433400154114	0.05127435550093651	0.08565925806760788	0.038646481931209564	0.12442050874233246	0.10587337613105774	-0.024717045947909355	-0.10946609824895859	-0.24969656765460968	-0.017616739496588707	0.07067032158374786	0.07083070278167725	-0.02731139585375786	-0.07954879850149155	0.13792021572589874	-0.0596080906689167	0.07816439867019653	0.0298603568226099	0.1534743458032608	0.04226775839924812	0.06285619735717773	-0.026868104934692383	0.2222166806459427	0.025997454300522804	0.05744887515902519	-0.03561379760503769	0.030886810272932053	0.09570418298244476
-0.07205071300268173	0.17652839422225952	0.09896378219127655	0.18713389337062836	0.014217786490917206	-0.11361551284790039	0.12971414625644684	0.2602521777153015	-0.2027486115694046	-0.14586861431598663	0.03536927327513695	-0.18602976202964783	0.040352579206228256	0.07253406196832657	0.05950261279940605	-0.022519435733556747	0.19502995908260345	0.040250398218631744	-0.1389399617910385	-0.34299328923225403	0.07359476387500763	0.03617411106824875	0.16328880190849304	-0.11852598190307617	-0.003797730663791299	0.04958805814385414	-0.1893230676651001	0.1146634891629219	-0.04619976133108139	0.058803968131542206	0.16569176316261292	-0.1974886655807495	0.06468228995800018	-0.1825590282678604	-0.09810188412666321	0.09385382384061813	0.15297120809555054	0.06920860707759857	-0.03746917098760605	-0.048004522919654846	0.08345218002796173	-0.06739491969347	-0.1580948829650879	0.1116182804107666	0.005418009590357542	-0.04977584630250931	-0.11014868319034576	-0.056666016578674316	0.058006756007671356	0.09418816864490509	0.04872208088636398	-0.10572663694620132	-0.06451224535703659	-0.012352175079286098	-0.06694625318050385	-8.324992086272687e-05	0.12731236219406128	-0.06325577199459076	-0.02713869884610176	0.04596767947077751	-0.08889751136302948	-0.05284586176276207	0.16257993876934052	-0.0019775652326643467	-0.11813685297966003	0.2712744176387787	0.07424333691596985	0.1535683423280716	-0.13558438420295715	0.06060883030295372	0.007957777008414268	0.13289056718349457	0.1169847846031189	0.030919870361685753	0.0652213916182518	0.024085726588964462	0.08279716968536377	0.062133435159921646	-0.03341878578066826	-0.07274440675973892	-0.1575000286102295	-0.026836177334189415	0.06950243562459946	0.0576762892305851	-0.021503029391169548	-0.04697631299495697	0.0623861625790596	-0.0811387449502945	0.05233253166079521	0.05344391614198685	0.08133507519960403	0.04323485866189003	0.058194439858198166	-0.03666533902287483	0.1938633769750595	0.04093190282583237	0.03136543929576874	-0.0031991880387067795	0.04353146255016327	0.0824122428894043
-0.06856171786785126	0.12263236194849014	0.0625300407409668	0.12293130159378052	0.014048146083950996	-0.11194375157356262	0.09896057099103928	0.2503976821899414	-0.2044249027967453	-0.17238415777683258	0.022264139726758003	-0.1902313381433487	0.008059171959757805	0.06633830815553665	0.04235308989882469	-0.014428318478167057	0.18690931797027588	0.03037373721599579	-0.11052282154560089	-0.3195949196815491	0.07903443276882172	0.023700211197137833	0.16804252564907074	-0.11645188182592392	-0.00743251945823431	0.04797978699207306	-0.18469902873039246	0.12142425775527954	-0.05337228626012802	0.08105938136577606	0.1861039400100708	-0.1956203430891037	0.055318862199783325	-0.22372552752494812	-0.1041518896818161	0.10245876014232635	0.17473191022872925	0.0751577839255333	-0.04075990617275238	-0.024827631190419197	0.12344112247228622	-0.08885756880044937	-0.1796705722808838	0.12085000425577164	0.013717508874833584	-0.07118158042430878	-0.12423955649137497	-0.07954281568527222	0.08671192824840546	0.12990936636924744	0.09501531720161438	-0.12821857631206512	-0.06467775255441666	0.00038236399996094406	-0.10063384473323822	-0.0011633752146735787	0.16605469584465027	-0.07851438224315643	-0.0502946712076664	0.06025080010294914	-0.09393823146820068	-0.04524991661310196	0.18260103464126587	0.00023334256547968835	-0.07867620885372162	0.22299276292324066	0.07987578958272934	0.10665179789066315	-0.09605482965707779	0.04389389231801033	0.008879302069544792	0.10026971995830536	0.07880502939224243	0.012387742288410664	0.05449037253856659	0.015677332878112793	0.06711694598197937	0.06312494724988937	0.0053166295401751995	-0.05046846345067024	-0.16268981993198395	-0.021033937111496925	0.06430155783891678	0.04618332162499428	-0.02843344770371914	-0.0680021420121193	0.07573599368333817	-0.07602240890264511	0.05718829855322838	0.052305612713098526	0.09630691260099411	0.04874277114868164	0.05763549730181694	-0.038848068565130234	0.19116728007793427	0.012300120666623116	0.025195134803652763	-0.002332597505301237	0.031438324600458145	0.10888757556676865
-0.06861349195241928	0.24121321737766266	0.15948987007141113	0.22922751307487488	0.005080849397927523	-0.1749420315027237	0.186653733253479	0.3942604959011078	-0.22000505030155182	-0.20138151943683624	0.05254872143268585	-0.20361024141311646	0.043835822492837906	0.06841205060482025	0.06979324668645859	-0.03115708939731121	0.21643415093421936	0.047972146421670914	-0.12009511142969131	-0.35447585582733154	0.06350754201412201	0.003030904335901141	0.12494846433401108	-0.09496960043907166	-0.044015415012836456	0.03443589806556702	-0.09377798438072205	0.0711713507771492	-0.004192802589386702	0.03922203183174133	0.041584379971027374	-0.08463232219219208	0.03087179735302925	-0.05968429520726204	-0.022944679483771324	0.04202114790678024	0.07474639266729355	0.02075149118900299	-0.03399172052741051	0.0019243055721744895	0.06141810864210129	-0.042174406349658966	-0.08369338512420654	0.09335628151893616	0.002763706725090742	-0.037456151098012924	-0.05151122435927391	-0.04865723103284836	0.04636697098612785	0.06153234466910362	0.0230572409927845	-0.07777003943920135	-0.03008393570780754	-0.020856797695159912	-0.031121743842959404	0.024365758523344994	0.10246482491493225	-0.03804689273238182	-0.003135622711852193	0.05592711269855499	-0.08017455041408539	-0.05136052519083023	0.1179153174161911	0.003092569764703512	-0.08473816514015198	0.2133292555809021	0.05581017583608627	0.1091407835483551	-0.17492228746414185	0.06718556582927704	0.028667092323303223	0.1756761223077774	0.16400428116321564	0.060621317476034164	0.12458144128322601	0.07210452109575272	0.1485733538866043	0.10283511132001877	-0.047828059643507004	-0.09809809178113937	-0.28102320432662964	0.007104080636054277	0.11353419721126556	0.10101787000894547	-0.04882761463522911	-0.053620919585227966	0.11201751232147217	-0.07650937139987946	0.06755264103412628	0.053192462772130966	0.16005265712738037	0.035792276263237	0.05958893522620201	-0.03366415202617645	0.21925127506256104	0.03190496936440468	0.07666607946157455	-0.02470884472131729	0.04967925697565079	0.11104606837034225
-0.04711074382066727	0.11456155776977539	0.06094837561249733	0.1047186553478241	0.009746203199028969	-0.09081882983446121	0.07898321002721786	0.19056278467178345	-0.19902603328227997	-0.1639169603586197	0.02283710055053234	-0.16827426850795746	-0.007300284691154957	0.055038824677467346	0.05193369835615158	-0.027263855561614037	0.1922963559627533	0.031072594225406647	-0.14195208251476288	-0.36548590660095215	0.0950571820139885	0.02028512768447399	0.2311060130596161	-0.15582412481307983	-0.0239294171333313	0.045215386897325516	-0.20930427312850952	0.13392911851406097	-0.05808287486433983	0.09116287529468536	0.1704522669315338	-0.20599126815795898	0.051998671144247055	-0.2241993397474289	-0.09203200042247772	0.08425941318273544	0.16275310516357422	0.0788424015045166	-0.040470849722623825	-0.04445835202932358	0.08771928399801254	-0.0888231173157692	-0.16501127183437347	0.11916934698820114	0.014060081914067268	-0.07553709298372269	-0.1108657494187355	-0.0650763139128685	0.08410541713237762	0.1379832774400711	0.08307763189077377	-0.1386268138885498	-0.03987354040145874	0.005026082042604685	-0.10341540724039078	0.007866115309298038	0.17307309806346893	-0.07429597526788712	-0.06568346917629242	0.06386982649564743	-0.08832450211048126	-0.0585009790956974	0.19395333528518677	-0.0068769692443311214	-0.09403444081544876	0.26624372601509094	0.09645429998636246	0.14401863515377045	-0.09587166458368301	0.045272715389728546	0.008687402121722698	0.10596827417612076	0.08417847007513046	0.02406659908592701	0.04968907684087753	0.034110601991415024	0.05383959785103798	0.061388637870550156	0.0020291756372898817	-0.05818924680352211	-0.1447422355413437	-0.01181568019092083	0.04907705634832382	0.027285665273666382	-0.013777967542409897	-0.06595754623413086	0.06306405365467072	-0.07997087389230728	0.06324354559183121	0.054864831268787384	0.11871849745512009	0.043874938040971756	0.035803232342004776	-0.03244169056415558	0.17516499757766724	0.01941499672830105	0.01506220642477274	-0.02763347513973713	0.00962032750248909	0.07727193832397461
-0.0353139266371727	0.10389433056116104	0.07715341448783875	0.10320369899272919	0.004499626345932484	-0.06916569173336029	0.08567726612091064	0.209756001830101	-0.19450879096984863	-0.1804255098104477	0.015275856480002403	-0.19913451373577118	0.0046675195917487144	0.06518580764532089	0.043013639748096466	-0.051326505839824677	0.22364546358585358	0.04191410541534424	-0.11229443550109863	-0.3964846432209015	0.08229373395442963	0.026925671845674515	0.15886542201042175	-0.09820268303155899	-0.02554173767566681	0.046245086938142776	-0.13383157551288605	0.08684169501066208	-0.026650285348296165	0.046099916100502014	0.06964469701051712	-0.09285556524991989	0.05400049313902855	-0.19137385487556458	-0.11326379328966141	0.060228049755096436	0.1011827141046524	0.03855869174003601	-0.05685475096106529	-0.043587394058704376	0.09828244894742966	-0.06074599176645279	-0.14208075404167175	0.12831808626651764	1.4376667422766332e-05	-0.06419772654771805	-0.06831119954586029	-0.06703916192054749	0.05327867344021797	0.09352871775627136	0.05076593533158302	-0.09783222526311874	-0.03475417196750641	-0.016497235745191574	-0.07047634571790695	-0.006618930958211422	0.1186978667974472	-0.07042217999696732	-0.024086860939860344	0.04999057948589325	-0.10885502398014069	-0.07748771458864212	0.22611913084983826	0.01733403094112873	-0.1109253466129303	0.26954007148742676	0.09473731368780136	0.1571352481842041	-0.16269846260547638	0.054241329431533813	0.03274056315422058	0.1702665537595749	0.1015811488032341	0.0011025238782167435	0.08986477553844452	0.04281819239258766	0.07796430587768555	0.045368846505880356	-0.025920318439602852	-0.04264486953616142	-0.17831897735595703	-0.019516218453645706	0.046180788427591324	0.07738745212554932	-0.028823763132095337	-0.054525185376405716	0.08739160746335983	-0.06866484135389328	0.0438784584403038	0.062452275305986404	0.13784608244895935	0.04566512629389763	0.07295260578393936	-0.04482013359665871	0.25051650404930115	0.031086735427379608	0.054308511316776276	0.005065813194960356	0.06262505054473877	0.14939311146736145
-0.0657649040222168	0.16601620614528656	0.0908326506614685	0.17672598361968994	-0.019542381167411804	-0.09438047558069229	0.08572527766227722	0.17942501604557037	-0.15590207278728485	-0.13009750843048096	0.028892889618873596	-0.13460756838321686	-0.014724953100085258	0.052125234156847	0.03300587460398674	-0.013129742816090584	0.20140300691127777	0.019764624536037445	-0.11949175596237183	-0.34150564670562744	0.13587544858455658	0.06577251851558685	0.2480466067790985	-0.1223376989364624	-0.010347027331590652	0.07478789240121841	-0.2157292515039444	0.1132892593741417	-0.04561256244778633	0.06270814687013626	0.13048313558101654	-0.15256905555725098	0.08886706084012985	-0.23370927572250366	-0.10587728023529053	0.07012873888015747	0.12697270512580872	0.06000695377588272	-0.06463035196065903	-0.06106586381793022	0.0857473760843277	-0.07249291241168976	-0.16014136373996735	0.11888878047466278	0.007167593576014042	-0.06224965304136276	-0.12346255034208298	-0.05337931960821152	0.06945063918828964	0.09299608319997787	0.033748120069503784	-0.08119604736566544	-0.056886229664087296	-0.0008587759220972657	-0.06584962457418442	-0.0004529216093942523	0.13384582102298737	-0.06980928778648376	-0.04358268156647682	0.0635920837521553	-0.08707965910434723	-0.04781416058540344	0.1755496710538864	0.01868540421128273	-0.10126502811908722	0.2968267500400543	0.08795789629220963	0.1928119659423828	-0.10775039345026016	0.042981646955013275	0.02009829692542553	0.1372547596693039	0.08818459510803223	-0.0050337170250713825	0.09424404054880142	0.033128250390291214	0.08975905179977417	0.07162745296955109	-0.0062180073000490665	-0.07729950547218323	-0.14581093192100525	-0.03447173163294792	0.06766066700220108	0.06069809943437576	-0.020436951890587807	-0.044916387647390366	0.09666235744953156	-0.064224012196064	0.04964425042271614	0.05897771194577217	0.15216629207134247	0.06014281511306763	0.05264028161764145	-0.03726191073656082	0.22198805212974548	0.02833038568496704	0.034694790840148926	-0.018099088221788406	0.024014703929424286	0.162342831492424
-0.060496456921100616	0.2057781219482422	0.1299433708190918	0.18623106181621552	0.02284633181989193	-0.13981039822101593	0.15435868501663208	0.32566162943840027	-0.1619919240474701	-0.1644960194826126	0.03491000458598137	-0.1812739074230194	0.006767487619072199	0.04594939574599266	0.023623788729310036	-0.005193586926907301	0.15586504340171814	0.03309458866715431	-0.06492345780134201	-0.2403046041727066	0.07347220182418823	0.016151750460267067	0.10986772924661636	-0.08857344090938568	-0.02055720053613186	0.04816867411136627	-0.10873696953058243	0.065229631960392	-0.010780537500977516	0.04959290847182274	0.09295261651277542	-0.12184155732393265	0.04077955707907677	-0.14739885926246643	-0.06101812794804573	0.04306419938802719	0.11026950925588608	0.04549082741141319	-0.02860896661877632	-0.0010248844046145678	0.09619838744401932	-0.06151694804430008	-0.09500904381275177	0.0860547423362732	0.008423293009400368	-0.03401189669966698	-0.07597483694553375	-0.06441450119018555	0.05535660684108734	0.08096526563167572	0.06337074935436249	-0.0823250263929367	-0.03552323579788208	-0.01721453294157982	-0.06750726699829102	-0.0004533207684289664	0.14345791935920715	-0.052679143846035004	-0.033553965389728546	0.05895572900772095	-0.10111445188522339	-0.05889255926012993	0.13814452290534973	0.019936578348279	-0.0722772404551506	0.23856861889362335	0.0786091759800911	0.11090980470180511	-0.13776111602783203	0.06407485157251358	0.0006890475633554161	0.12269277125597	0.14474086463451385	0.031557582318782806	0.09966883063316345	0.02459118142724037	0.15826372802257538	0.12260433286428452	-0.02130250632762909	-0.0967802107334137	-0.2928662896156311	-0.018232492730021477	0.11276941001415253	0.06797367334365845	-0.04581866413354874	-0.07334709167480469	0.15325269103050232	-0.10112312436103821	0.061578765511512756	0.06245703622698784	0.19435599446296692	0.0494178831577301	0.07638067752122879	-0.043056584894657135	0.2445044368505478	0.019852951169013977	0.05942726507782936	0.003833936993032694	0.03389902412891388	0.187357559800148
-0.06286951154470444	0.132803276181221	0.08786672353744507	0.15909400582313538	-0.007551297079771757	-0.11686500906944275	0.11128803342580795	0.2679891288280487	-0.19446425139904022	-0.1444932520389557	0.014034571126103401	-0.19435185194015503	0.016170477494597435	0.08874975889921188	0.037601079791784286	-0.040753960609436035	0.17664119601249695	0.03644213080406189	-0.08993902057409286	-0.3278854191303253	0.07042670249938965	0.03868662938475609	0.09685283899307251	-0.07825939357280731	-0.022060997784137726	0.02744000032544136	-0.08966202288866043	0.0645529255270958	-0.008432828821241856	0.008021573536098003	0.04259944334626198	-0.08124694973230362	0.04360928013920784	-0.08831571042537689	-0.07961874455213547	0.07571373879909515	0.10140817612409592	0.015315561555325985	-0.06152782589197159	-0.007821961306035519	0.104497529566288	-0.0596940815448761	-0.12635423243045807	0.11099076271057129	0.006990110967308283	-0.023281987756490707	-0.08156712353229523	-0.06723383069038391	0.05273349583148956	0.05354265496134758	0.02606477029621601	-0.07741039246320724	-0.02400839701294899	0.018556086346507072	-0.04861161485314369	0.018978683277964592	0.13295190036296844	-0.06590556353330612	-0.002921442501246929	0.05428660660982132	-0.10664720088243484	-0.0742192342877388	0.18804118037223816	0.002006854396313429	-0.09827372431755066	0.2773928940296173	0.07599068433046341	0.1748245507478714	-0.1919524222612381	0.08891288936138153	0.017316672950983047	0.2070654332637787	0.17178194224834442	0.01150607131421566	0.14788568019866943	0.0653061643242836	0.1549796164035797	0.10818016529083252	-0.038250796496868134	-0.10119561105966568	-0.3053644597530365	-0.027931636199355125	0.0989118441939354	0.11377649009227753	-0.054170161485672	-0.053179625421762466	0.10033995658159256	-0.10785989463329315	0.06283502280712128	0.0781281515955925	0.12415029108524323	0.05438762530684471	0.05230192095041275	-0.05179455503821373	0.23222142457962036	0.04647323861718178	0.057319097220897675	0.010067254304885864	0.07101421803236008	0.1682971715927124
-0.06697768718004227	0.16156764328479767	0.11284881830215454	0.17587508261203766	0.013429829850792885	-0.10580074042081833	0.108027882874012	0.24805647134780884	-0.16792051494121552	-0.14942187070846558	0.02253912389278412	-0.1712610423564911	-0.012674876488745213	0.06052673980593681	0.013882449828088284	-0.00933872815221548	0.17570453882217407	0.020112181082367897	-0.11227155476808548	-0.3244987428188324	0.11883366852998734	0.046086110174655914	0.217546284198761	-0.12054278701543808	-0.01875375024974346	0.07857280969619751	-0.2054150551557541	0.11741098016500473	-0.05540265887975693	0.0801769271492958	0.16415055096149445	-0.19446955621242523	0.06044938415288925	-0.2260022759437561	-0.08420524001121521	0.07727552950382233	0.1374254822731018	0.049263909459114075	-0.05141867324709892	-0.047083064913749695	0.09753149747848511	-0.08768855780363083	-0.16126422584056854	0.10936326533555984	0.014936072751879692	-0.06415214389562607	-0.12558893859386444	-0.07353381812572479	0.0781901627779007	0.11275237053632736	0.06050235778093338	-0.11166871339082718	-0.052725668996572495	-0.0017218239372596145	-0.08104323595762253	-0.0006050972151570022	0.15463437139987946	-0.08656319230794907	-0.061075951904058456	0.06628768891096115	-0.09583945572376251	-0.05235104635357857	0.17842379212379456	0.016942251473665237	-0.09271049499511719	0.2840171158313751	0.08231572061777115	0.17167451977729797	-0.10785519331693649	0.0510602667927742	0.02129913680255413	0.1307002305984497	0.09965820610523224	0.006245190277695656	0.07059775292873383	0.00245360448025167	0.10125237703323364	0.07320252805948257	0.005858755204826593	-0.07813875377178192	-0.1936267614364624	-0.03141184523701668	0.06866613775491714	0.044868726283311844	-0.04048209264874458	-0.06957170367240906	0.10563632100820541	-0.0890689566731453	0.05125661939382553	0.05633186548948288	0.16338983178138733	0.05414935573935509	0.06466887146234512	-0.03431684896349907	0.20100556313991547	0.03191431239247322	0.01267839502543211	-0.011854569427669048	0.010966971516609192	0.14330051839351654
-0.04196576029062271	0.12333527952432632	0.0842956006526947	0.11360442638397217	-4.706708568846807e-05	-0.09379282593727112	0.10185506939888	0.2057013362646103	-0.18382778763771057	-0.1529650092124939	0.015160899609327316	-0.18038111925125122	0.021820949390530586	0.06578975915908813	0.042653631418943405	-0.04142747074365616	0.19531965255737305	0.025866564363241196	-0.09986944496631622	-0.35761699080467224	0.10475623607635498	0.028317933902144432	0.18005356192588806	-0.12913115322589874	-0.020852740854024887	0.04555558040738106	-0.16850778460502625	0.08406573534011841	-0.03278103098273277	0.06112361699342728	0.11928268522024155	-0.14412881433963776	0.0516107939183712	-0.17980603873729706	-0.07983926683664322	0.0791550800204277	0.09980041533708572	0.05195705220103264	-0.03542160242795944	-0.039671022444963455	0.09534227848052979	-0.07349051535129547	-0.12771698832511902	0.10006677359342575	-0.001949641271494329	-0.06414785981178284	-0.09714985638856888	-0.06241155043244362	0.05411975458264351	0.09205988794565201	0.055615972727537155	-0.07818891108036041	-0.031172871589660645	0.0026502134278416634	-0.055036142468452454	0.0005386219127103686	0.1512489914894104	-0.07458576560020447	-0.044754739850759506	0.06412425637245178	-0.10975120961666107	-0.07396981120109558	0.16756181418895721	0.007195242214947939	-0.08413825184106827	0.2488195300102234	0.07835094630718231	0.13653668761253357	-0.09687092900276184	0.03839113935828209	0.013180670328438282	0.11206155270338058	0.09722930192947388	0.016694894060492516	0.0807410180568695	0.036337148398160934	0.09650055319070816	0.06985030323266983	-0.0036591487005352974	-0.047192223370075226	-0.19358855485916138	-0.01109852734953165	0.08067817986011505	0.058902088552713394	-0.028611356392502785	-0.05239751189947128	0.09919869899749756	-0.07745586335659027	0.06545092910528183	0.07017651945352554	0.1515926718711853	0.05235065892338753	0.05900820717215538	-0.04810955747961998	0.2114412635564804	0.03888966888189316	0.02952057495713234	-0.006388224195688963	0.04258487746119499	0.12538063526153564
-0.043924640864133835	0.17614927887916565	0.079726941883564	0.19274666905403137	0.03447670489549637	-0.11395888030529022	0.1383684277534485	0.2960623800754547	-0.21673887968063354	-0.17621715366840363	0.031801242381334305	-0.1862625628709793	0.047825731337070465	0.08090304583311081	0.07654764503240585	-0.03670956566929817	0.21204742789268494	0.06936933845281601	-0.12099511921405792	-0.32169806957244873	0.047637030482292175	-0.007555895019322634	0.06905166059732437	-0.06735125184059143	-0.019884074106812477	0.03263840451836586	-0.1253412514925003	0.11444493383169174	-0.02704460732638836	0.03320105001330376	0.0979936346411705	-0.11877571046352386	0.021897654980421066	-0.1602988988161087	-0.08549267798662186	0.06759867817163467	0.14141760766506195	0.06454811990261078	-0.047370076179504395	-0.029253318905830383	0.09378738701343536	-0.07566467672586441	-0.123722605407238	0.1494794636964798	0.02806815132498741	-0.03621619939804077	-0.09564553201198578	-0.06678808480501175	0.0883437767624855	0.08001638948917389	0.041581712663173676	-0.11396628618240356	-0.05428362637758255	-0.045308176428079605	-0.0714212954044342	0.017123008146882057	0.08491034805774689	-0.04758700355887413	-0.009526246227324009	0.029054971411824226	-0.05223850533366203	-0.03612011671066284	0.1701459139585495	0.018203264102339745	-0.09203393757343292	0.21735674142837524	0.06594552099704742	0.13742198050022125	-0.18449623882770538	0.06676638126373291	0.03879845142364502	0.16254174709320068	0.1422920674085617	0.04447450488805771	0.11019135266542435	0.054274849593639374	0.09515435993671417	0.09712565690279007	-0.046616438776254654	-0.08179238438606262	-0.20523346960544586	-0.024214597418904305	0.04808095470070839	0.07367552816867828	-0.011340503580868244	-0.0474541038274765	0.07844209671020508	-0.049444541335105896	0.04473614692687988	0.01586955226957798	0.08963664621114731	0.03176770359277725	0.08036815375089645	-0.014078298583626747	0.24213339388370514	0.027476603165268898	0.06649994850158691	-0.015871761366724968	0.05658765882253647	0.10440798848867416
-0.045890312641859055	0.12658558785915375	0.09144122898578644	0.13564430177211761	-0.006931145675480366	-0.08592874556779861	0.10210731625556946	0.21347172558307648	-0.168246790766716	-0.1538567990064621	0.021676568314433098	-0.1650351732969284	0.02418394386768341	0.07724350690841675	0.048345454037189484	-0.030008284375071526	0.19607804715633392	0.020346449688076973	-0.09898842126131058	-0.33807191252708435	0.09280852228403091	0.035185061395168304	0.1507430374622345	-0.10624802112579346	-0.028469711542129517	0.04567648097872734	-0.10090494155883789	0.044425539672374725	-0.000710969849023968	0.039173077791929245	0.0566207654774189	-0.0849446952342987	0.045873794704675674	-0.11923424899578094	-0.06903626769781113	0.06691505014896393	0.07140644639730453	0.017417799681425095	-0.045796871185302734	-0.024541189894080162	0.10251683741807938	-0.05702553316950798	-0.12848827242851257	0.11818928271532059	-0.002766967751085758	-0.05655990168452263	-0.08957761526107788	-0.07529210299253464	0.06178215891122818	0.08445816487073898	0.044110678136348724	-0.09643440693616867	-0.04701888561248779	0.0009859887650236487	-0.04852370545268059	0.01914997398853302	0.1471780389547348	-0.0685875415802002	-0.015295534394681454	0.05082844942808151	-0.11634945869445801	-0.07390018552541733	0.18349319696426392	0.01024547778069973	-0.09497807919979095	0.26581934094429016	0.0729914978146553	0.13975007832050323	-0.17544116079807281	0.06957057863473892	0.015610702335834503	0.18441133201122284	0.1293322741985321	0.010257826186716557	0.10551478713750839	0.040359675884246826	0.12736128270626068	0.09526966512203217	-0.025836534798145294	-0.07840534299612045	-0.28214502334594727	-0.019346904009580612	0.10805165767669678	0.0936507135629654	-0.041095659136772156	-0.06558804214000702	0.11988629400730133	-0.1018274798989296	0.05306980013847351	0.06546998023986816	0.16482912003993988	0.04793970286846161	0.05465540662407875	-0.034315016120672226	0.23185215890407562	0.022404048591852188	0.044974327087402344	0.00925760343670845	0.051306165754795074	0.17247091233730316
-0.06253457814455032	0.15904377400875092	0.07063363492488861	0.15403519570827484	0.020082322880625725	-0.09921983629465103	0.1115870475769043	0.25225675106048584	-0.18999676406383514	-0.16665686666965485	0.031725745648145676	-0.174211785197258	0.03458556905388832	0.06319309026002884	0.05934082716703415	-0.025676093995571136	0.18521089851856232	0.058602988719940186	-0.12360437214374542	-0.3035127818584442	0.06740940362215042	0.01258633192628622	0.13137680292129517	-0.07980276644229889	-0.01985432580113411	0.0415952242910862	-0.15117579698562622	0.10536197572946548	-0.06050533056259155	0.07588859647512436	0.17141716182231903	-0.19978725910186768	0.04606008529663086	-0.20105090737342834	-0.0891597643494606	0.09360896050930023	0.1790788173675537	0.09177613258361816	-0.047190696001052856	-0.023027271032333374	0.12860825657844543	-0.09836966544389725	-0.17931967973709106	0.15387177467346191	0.02223663404583931	-0.07799667865037918	-0.12467201799154282	-0.09172973781824112	0.09060877561569214	0.11480733752250671	0.08966396749019623	-0.13516321778297424	-0.06772702187299728	-0.028289280831813812	-0.10263025015592575	0.017847055569291115	0.13838078081607819	-0.06639809161424637	-0.05256396532058716	0.03904668986797333	-0.07404768466949463	-0.035837747156620026	0.17118903994560242	-0.003965540323406458	-0.07452910393476486	0.1874874085187912	0.059371788054704666	0.08209700137376785	-0.11073532700538635	0.04320216551423073	0.022973844781517982	0.10907287895679474	0.09273432195186615	0.045098014175891876	0.0848332867026329	0.05430655926465988	0.10526270419359207	0.10524848103523254	-0.023644035682082176	-0.06760905683040619	-0.2274361550807953	-0.025708096101880074	0.08094236254692078	0.05809105187654495	-0.0467948317527771	-0.05524299293756485	0.11439260840415955	-0.08160597085952759	0.05869061127305031	0.058647360652685165	0.13315361738204956	0.05939316749572754	0.08148811757564545	-0.03705068677663803	0.26662349700927734	0.02095070108771324	0.07336533069610596	-0.024278337135910988	0.033017225563526154	0.13800393044948578
-0.050444867461919785	0.1434953659772873	0.11548913270235062	0.14186902344226837	-0.008166925981640816	-0.0797789916396141	0.08104971796274185	0.18670643866062164	-0.1339256763458252	-0.11536414176225662	0.02502598986029625	-0.1395229697227478	0.011065870523452759	0.05481118708848953	0.010838658548891544	-0.01708235777914524	0.17274349927902222	0.010130083188414574	-0.0850592702627182	-0.28229963779449463	0.10741021484136581	0.028923656791448593	0.2142287641763687	-0.1341613233089447	-0.015738191083073616	0.07238814979791641	-0.19156426191329956	0.09007319062948227	-0.02585851587355137	0.08341128379106522	0.16083723306655884	-0.17640075087547302	0.07791417837142944	-0.22411593794822693	-0.07634618133306503	0.06009833142161369	0.12918494641780853	0.0520583838224411	-0.040203992277383804	-0.04926560819149017	0.09984489530324936	-0.08409781754016876	-0.1583419293165207	0.09988847374916077	-0.019275212660431862	-0.08647000789642334	-0.12019995599985123	-0.08447280526161194	0.04690580815076828	0.10532934218645096	0.07632949948310852	-0.0983755886554718	-0.06139008328318596	0.008031838573515415	-0.07877153903245926	-0.00765608623623848	0.16931119561195374	-0.08024150878190994	-0.06206599995493889	0.06469196081161499	-0.1256633698940277	-0.05870751664042473	0.15395985543727875	0.02125995233654976	-0.09043237566947937	0.2563754916191101	0.09114138782024384	0.12757878005504608	-0.064372718334198	0.040556587278842926	0.0033482774160802364	0.08567804098129272	0.06427958607673645	0.0026601783465594053	0.04912422224879265	-0.004884697962552309	0.07956650853157043	0.06053707003593445	0.00912205595523119	-0.0394594706594944	-0.208537757396698	-0.02284359373152256	0.10256105661392212	0.05450711399316788	-0.05242546647787094	-0.07453616708517075	0.12703196704387665	-0.10241802781820297	0.05899465084075928	0.08441602438688278	0.20939946174621582	0.04247776418924332	0.05986620858311653	-0.0559382289648056	0.1971452385187149	0.02658134698867798	0.03334907814860344	0.00914548896253109	0.01059086062014103	0.15237875282764435
-0.051226235926151276	0.1484108418226242	0.09129202365875244	0.16839131712913513	0.0016446071676909924	-0.10298556089401245	0.09913619607686996	0.21989941596984863	-0.16948801279067993	-0.14146891236305237	0.021743811666965485	-0.1563212275505066	0.014774913899600506	0.07548747956752777	0.04471674561500549	-0.018257752060890198	0.16853341460227966	0.029351964592933655	-0.09443201124668121	-0.30219149589538574	0.10200823098421097	0.035005297511816025	0.17108134925365448	-0.10047222673892975	-0.004714221227914095	0.05697189271450043	-0.16006797552108765	0.10356369614601135	-0.026570910587906837	0.04902872070670128	0.09782741963863373	-0.12492095679044724	0.04568961635231972	-0.18281202018260956	-0.06457488983869553	0.06613074988126755	0.1417001485824585	0.0475221686065197	-0.056555308401584625	-0.02344602160155773	0.09572215378284454	-0.0809687077999115	-0.162000834941864	0.10397235304117203	0.005357156973332167	-0.06834691762924194	-0.12193313986063004	-0.06558812409639359	0.0680675357580185	0.09452292323112488	0.06646865606307983	-0.10549692809581757	-0.055494777858257294	0.006126421503722668	-0.07087967544794083	0.009540800005197525	0.14243324100971222	-0.08705135434865952	-0.050031181424856186	0.05645480006933212	-0.09212277829647064	-0.05102480202913284	0.14229080080986023	0.01359290350228548	-0.0821337178349495	0.25794923305511475	0.07737750560045242	0.14680035412311554	-0.13709186017513275	0.06903108209371567	0.006881876848638058	0.1479056477546692	0.1225079819560051	0.009170818142592907	0.0888400673866272	0.04207489639520645	0.10328184813261032	0.09617805480957031	-0.007445818278938532	-0.08029142022132874	-0.2198486030101776	-0.0192935299128294	0.09532937407493591	0.049016404896974564	-0.04421815276145935	-0.05863937735557556	0.11551285535097122	-0.08401397615671158	0.059375207871198654	0.06066009774804115	0.1482054889202118	0.04011120647192001	0.04652883857488632	-0.033530835062265396	0.21309271454811096	0.015210652723908424	0.031692665070295334	-0.011790584772825241	0.022969940677285194	0.14882509410381317
-0.05297219008207321	0.11675284802913666	0.10808271914720535	0.13726310431957245	-0.022293005138635635	-0.09781137108802795	0.09029923379421234	0.23424546420574188	-0.15832147002220154	-0.14470274746418	0.009480690583586693	-0.15981264412403107	8.11162099125795e-05	0.0688570961356163	0.034719813615083694	-0.01915072277188301	0.20030979812145233	0.013130254112184048	-0.06617885828018188	-0.34204211831092834	0.11022786796092987	0.03275125101208687	0.1500648409128189	-0.10226220637559891	-0.033261071890592575	0.05005330219864845	-0.09053147584199905	0.057999059557914734	0.007003287319093943	0.016314532607793808	0.03982973098754883	-0.04442626237869263	0.03971802070736885	-0.1332825869321823	-0.06972696632146835	0.03674238175153732	0.09141728281974792	0.02213240973651409	-0.06770561635494232	-0.008302153088152409	0.11987264454364777	-0.055719733238220215	-0.13099980354309082	0.09919291734695435	-0.0011741601629182696	-0.06444238126277924	-0.08316166698932648	-0.0627530887722969	0.052655261009931564	0.07807103544473648	0.047180209308862686	-0.0710814818739891	-0.022385157644748688	0.02094803750514984	-0.056679192930459976	0.014731001108884811	0.13870446383953094	-0.062058430165052414	-0.018241366371512413	0.04544927179813385	-0.12341683357954025	-0.0699373260140419	0.18438920378684998	0.026867035776376724	-0.08609547466039658	0.2420707643032074	0.08214239031076431	0.12147551029920578	-0.13243311643600464	0.07727038860321045	0.016071632504463196	0.16453225910663605	0.11479183286428452	-0.0034983328077942133	0.12948784232139587	0.03640640899538994	0.1333242952823639	0.08366899192333221	-0.022000525146722794	-0.06254230439662933	-0.2539193332195282	-0.02086607739329338	0.09223286807537079	0.09541864693164825	-0.05178103595972061	-0.056283771991729736	0.10061480104923248	-0.07382816076278687	0.02620745822787285	0.07677896320819855	0.15744099020957947	0.02720930427312851	0.047803327441215515	-0.053484898060560226	0.21178603172302246	0.03776305541396141	0.06379803270101547	0.00667869858443737	0.053905632346868515	0.1907704621553421
-0.07653152197599411	0.15079332888126373	0.07126039266586304	0.11260673403739929	0.020333921536803246	-0.11697690933942795	0.1225849911570549	0.2762070298194885	-0.22545261681079865	-0.19307972490787506	0.019358735531568527	-0.19176433980464935	0.01886645331978798	0.052235182374715805	0.05190747603774071	-0.013334780931472778	0.16332367062568665	0.07115131616592407	-0.12237660586833954	-0.26830753684043884	0.03213861584663391	-0.009687796235084534	0.11709052324295044	-0.08729909360408783	-0.02005455642938614	0.04096983000636101	-0.15417161583900452	0.10314522683620453	-0.06872265040874481	0.103164441883564	0.23320557177066803	-0.2267058789730072	0.03860917687416077	-0.24701572954654694	-0.09109383821487427	0.10044405609369278	0.21899010241031647	0.09221332520246506	-0.028760287910699844	-0.02105293795466423	0.13306421041488647	-0.11660327762365341	-0.17145679891109467	0.14076535403728485	0.04002577066421509	-0.08723590523004532	-0.12075856328010559	-0.100930355489254	0.11875350028276443	0.14441993832588196	0.12697450816631317	-0.1701066941022873	-0.07219210267066956	-0.027533933520317078	-0.1321278214454651	0.017930498346686363	0.17706742882728577	-0.06780652701854706	-0.060341134667396545	0.06386196613311768	-0.06389016658067703	-0.05013808235526085	0.18900613486766815	0.004156069830060005	-0.0688675045967102	0.2185697853565216	0.07858853787183762	0.08634952455759048	-0.12944425642490387	0.06314852833747864	0.010452988557517529	0.10039647668600082	0.10955328494310379	0.0581703707575798	0.06508941948413849	0.04657544568181038	0.11168427765369415	0.12147528678178787	-0.009568934328854084	-0.07917489856481552	-0.2425508201122284	-0.03199144825339317	0.08413131535053253	0.06096344813704491	-0.03744986653327942	-0.08807439357042313	0.1178477555513382	-0.09075284749269485	0.08161182701587677	0.05901111289858818	0.14945150911808014	0.05548015981912613	0.0842968001961708	-0.05239786580204964	0.25209808349609375	0.014971968717873096	0.07392820715904236	-0.034065742045640945	0.04018367826938629	0.10700218379497528
-0.051493603736162186	0.13630886375904083	0.06009939685463905	0.07293597608804703	0.04303164780139923	-0.08368123322725296	0.07624589651823044	0.22171033918857574	-0.18056955933570862	-0.15430650115013123	-0.0006495499983429909	-0.16719603538513184	0.014683366753160954	0.0325714573264122	0.033826857805252075	-0.0011991985375061631	0.14628495275974274	0.06833339482545853	-0.09727692604064941	-0.2259979248046875	0.032452818006277084	-0.01248768251389265	0.13324527442455292	-0.11486631631851196	-0.010956651531159878	0.06643792241811752	-0.20539556443691254	0.11157923936843872	-0.07919114083051682	0.14774960279464722	0.27636390924453735	-0.27869462966918945	0.022509172558784485	-0.2676641047000885	-0.08750088512897491	0.10948603600263596	0.2005784809589386	0.11140410602092743	-0.01663198135793209	-0.03641393408179283	0.13619482517242432	-0.130438432097435	-0.1713913381099701	0.13603246212005615	0.014703565277159214	-0.0944124162197113	-0.13164326548576355	-0.11379736661911011	0.09417030960321426	0.13686028122901917	0.12818831205368042	-0.18754634261131287	-0.08701139688491821	-0.030510561540722847	-0.14190222322940826	0.0015739047667011619	0.16236677765846252	-0.08006691932678223	-0.08457225561141968	0.05972738936543465	-0.08734043687582016	-0.0642324835062027	0.21287161111831665	0.017695831134915352	-0.05166945606470108	0.21189875900745392	0.09422235190868378	0.060315005481243134	-0.07732906192541122	0.023934494704008102	-0.00423027016222477	0.04373577609658241	0.04755597561597824	0.05573909357190132	0.021430913358926773	0.01675925776362419	0.06417914479970932	0.0903918594121933	0.007898394949734211	-0.04484475404024124	-0.250213086605072	-0.03096458688378334	0.09723108261823654	0.0492304228246212	-0.0545884370803833	-0.10696543753147125	0.14953428506851196	-0.10137215256690979	0.09055281430482864	0.06413853168487549	0.18631058931350708	0.0780118778347969	0.10630840063095093	-0.06642788648605347	0.2528471350669861	0.02072935923933983	0.06200239807367325	-0.014300571754574776	0.012475414201617241	0.11590658873319626
-0.06388097256422043	0.1306869387626648	0.06090422347187996	0.14490890502929688	0.0216987244784832	-0.08882127702236176	0.11558249592781067	0.23388004302978516	-0.19672879576683044	-0.14245761930942535	0.017521200701594353	-0.15587958693504333	0.026290131732821465	0.06085490435361862	0.03901253640651703	-0.026500875130295753	0.1785561442375183	0.040224771946668625	-0.10532807558774948	-0.2932444214820862	0.06428069621324539	0.005403861869126558	0.12722507119178772	-0.09123492985963821	-0.027920324355363846	0.030263690277934074	-0.1465156376361847	0.11157485097646713	-0.043953876942396164	0.07034053653478622	0.13371139764785767	-0.14454704523086548	0.039636947214603424	-0.17084148526191711	-0.08718091249465942	0.08357398957014084	0.14417994022369385	0.071294404566288	-0.039457812905311584	-0.02230636216700077	0.11824839562177658	-0.0879400223493576	-0.16042590141296387	0.1280509978532791	0.020968738943338394	-0.05901489779353142	-0.09838701039552689	-0.07564771920442581	0.09032553434371948	0.09931620210409164	0.07005588710308075	-0.11275995522737503	-0.04963080212473869	-0.016586557030677795	-0.08844739943742752	0.015397382900118828	0.13158158957958221	-0.07026343792676926	-0.04971511289477348	0.03235694393515587	-0.07874390482902527	-0.058860085904598236	0.17901013791561127	-0.002540087793022394	-0.09194439649581909	0.22334952652454376	0.0779840424656868	0.11159023642539978	-0.1415403187274933	0.05925067886710167	0.02001507394015789	0.12147628515958786	0.10904691368341446	0.029034674167633057	0.07540586590766907	0.03037266433238983	0.1099492609500885	0.0926213413476944	-0.022780973464250565	-0.06400992721319199	-0.21373574435710907	-0.019176045432686806	0.07147523760795593	0.07032036781311035	-0.03181791678071022	-0.07145850360393524	0.08402957022190094	-0.06125854328274727	0.0511816181242466	0.045580342411994934	0.11878269910812378	0.03459282964468002	0.05788586661219597	-0.040575940161943436	0.18911676108837128	0.012454922311007977	0.055227700620889664	-0.011558235622942448	0.04438544437289238	0.10516265034675598
-0.035010967403650284	0.16917601227760315	0.09309721738100052	0.17347250878810883	0.014158803038299084	-0.08165175467729568	0.10744594782590866	0.15336549282073975	-0.10424026846885681	-0.09094319492578506	0.04692472144961357	-0.11552052199840546	-0.004021968226879835	0.03997430205345154	-0.005147167947143316	-0.025720462203025818	0.19377686083316803	0.006227276287972927	-0.1356411874294281	-0.2787284851074219	0.09908789396286011	0.055916521698236465	0.2439509779214859	-0.13329201936721802	-0.03326248377561569	0.06055671349167824	-0.27328911423683167	0.15875384211540222	-0.07857684791088104	0.08617797493934631	0.1786102056503296	-0.21555094420909882	0.05437358841300011	-0.22653235495090485	-0.09473597258329391	0.03896145895123482	0.11089499294757843	0.069107286632061	-0.01685393415391445	-0.06356905400753021	0.035862911492586136	-0.06583476066589355	-0.13727374374866486	0.0705936849117279	0.005521745420992374	-0.05274083465337753	-0.13986527919769287	-0.04769394174218178	0.08071363717317581	0.1197153627872467	0.027469396591186523	-0.10647537559270859	-0.04420819878578186	-0.04047407582402229	-0.06860218197107315	-0.007060048636049032	0.14691683650016785	-0.06669022142887115	-0.06224900856614113	0.0870463028550148	-0.08386851102113724	-0.06948468089103699	0.15128237009048462	0.003949444741010666	-0.10819447785615921	0.28039321303367615	0.0578167587518692	0.18320028483867645	-0.05113106220960617	-0.0009958276059478521	0.022166619077324867	0.06428088992834091	0.07829154282808304	-0.011244799010455608	0.02658265270292759	-0.0140287596732378	0.03394497185945511	0.03117099590599537	0.0039056597743183374	-0.07468625903129578	-0.10383734107017517	-0.016920313239097595	0.05164286121726036	0.0346556156873703	0.0007060966454446316	-0.08028336614370346	0.08663731068372726	-0.056218862533569336	0.07064422219991684	0.0391039177775383	0.12912900745868683	0.03879709541797638	0.04439635947346687	-0.03464241698384285	0.14416731894016266	0.024502523243427277	0.007249390706419945	-0.014725369401276112	-0.012177529744803905	0.05339575186371803
-0.05907426401972771	0.18458291888237	0.0943264365196228	0.18377503752708435	0.003255611751228571	-0.11876869201660156	0.14577707648277283	0.290764719247818	-0.22829276323318481	-0.1827421486377716	0.029811086133122444	-0.21059314906597137	0.04022658243775368	0.08103228360414505	0.04669148847460747	-0.02510901913046837	0.21664753556251526	0.04401339218020439	-0.12651808559894562	-0.35393673181533813	0.08665589243173599	0.016939455643296242	0.16668269038200378	-0.09714824706315994	-0.011911928653717041	0.035774994641542435	-0.15825890004634857	0.10225047171115875	-0.04687129706144333	0.07934758812189102	0.1643308699131012	-0.17926768958568573	0.06281750649213791	-0.20726698637008667	-0.0927632749080658	0.08825399726629257	0.15429653227329254	0.06705820560455322	-0.05109741538763046	-0.036784492433071136	0.08669133484363556	-0.0650360956788063	-0.13876529037952423	0.10530483722686768	0.01791643537580967	-0.053182683885097504	-0.10994948446750641	-0.07330908626317978	0.07135356217622757	0.11264704167842865	0.05277859792113304	-0.11046935617923737	-0.059722334146499634	-0.017280280590057373	-0.07734569162130356	-0.002525252988561988	0.12802249193191528	-0.06418748944997787	-0.04999164864420891	0.058897603303194046	-0.07353375107049942	-0.06232939660549164	0.1531054675579071	0.005777096375823021	-0.09607391804456711	0.22790035605430603	0.06586585193872452	0.12292782962322235	-0.12433426827192307	0.062067508697509766	0.02309374324977398	0.12541981041431427	0.1307213455438614	0.04476888105273247	0.08854074776172638	0.03648657351732254	0.12087927013635635	0.1029709056019783	-0.03239044174551964	-0.08228298276662827	-0.21315500140190125	-0.030798854306340218	0.07253002375364304	0.06982103735208511	-0.04637056589126587	-0.06890890002250671	0.10907834768295288	-0.08186212182044983	0.060417432337999344	0.05290812999010086	0.13667580485343933	0.05984807759523392	0.059101711958646774	-0.049546122550964355	0.2241630107164383	0.028871405869722366	0.040056537836790085	-0.03189631551504135	0.05307864397764206	0.13357898592948914
-0.06395620107650757	0.14498399198055267	0.08951137959957123	0.16588978469371796	0.013498610816895962	-0.10492019355297089	0.11073920875787735	0.2393893003463745	-0.20511560142040253	-0.1522580087184906	0.025710899382829666	-0.17469653487205505	0.021713916212320328	0.08315817266702652	0.051598191261291504	-0.03862214460968971	0.20112845301628113	0.01938450336456299	-0.13002778589725494	-0.3533676862716675	0.09405995160341263	0.03771582990884781	0.18328912556171417	-0.10882661491632462	-0.005252034403383732	0.06334987282752991	-0.18389245867729187	0.12195242196321487	-0.04437360167503357	0.06205953657627106	0.12748712301254272	-0.16071350872516632	0.045884568244218826	-0.1904561072587967	-0.07741374522447586	0.07805949449539185	0.1308847963809967	0.04484112933278084	-0.042152948677539825	-0.03498025983572006	0.08124404400587082	-0.08012411743402481	-0.1460934728384018	0.11781323701143265	0.01071123592555523	-0.054223183542490005	-0.127113476395607	-0.044151607900857925	0.06449752300977707	0.08604364842176437	0.04698612913489342	-0.09645912796258926	-0.05637013167142868	0.002365951659157872	-0.06913290172815323	-0.005681252107024193	0.12924838066101074	-0.0645526573061943	-0.027621420100331306	0.04614270478487015	-0.08541935682296753	-0.06552232056856155	0.17518016695976257	0.014567829668521881	-0.09999532997608185	0.26639416813850403	0.06955856829881668	0.15971389412879944	-0.148101806640625	0.0583733394742012	0.021819069981575012	0.16277830302715302	0.10306517034769058	0.010586312972009182	0.07823748141527176	0.02662741206586361	0.10945070534944534	0.09235680103302002	-0.017072565853595734	-0.07779868692159653	-0.22051437199115753	-0.029120927676558495	0.07448922842741013	0.06962721049785614	-0.038353510200977325	-0.05350503697991371	0.09922923147678375	-0.07460550218820572	0.06046496704220772	0.061758629977703094	0.13790665566921234	0.06359589099884033	0.05520451441407204	-0.02047794871032238	0.21319274604320526	0.037196915596723557	0.03685054928064346	-0.026134900748729706	0.02723267488181591	0.12367281317710876
-0.05154545605182648	0.15275095403194427	0.09564024209976196	0.1524055153131485	0.0023716804571449757	-0.10445823520421982	0.12365885078907013	0.24821288883686066	-0.1836763322353363	-0.15755657851696014	0.027051473036408424	-0.18654383718967438	0.019198572263121605	0.05113797262310982	0.0378975085914135	-0.040208231657743454	0.1983080357313156	0.02534455992281437	-0.10829911381006241	-0.34300729632377625	0.09702053666114807	0.011615422554314137	0.17090405523777008	-0.11242786794900894	-0.02978697419166565	0.05424513295292854	-0.17519208788871765	0.10282450169324875	-0.05111062899231911	0.06588374823331833	0.15365125238895416	-0.1749492734670639	0.0569126196205616	-0.20411022007465363	-0.07898601144552231	0.06317493319511414	0.13782502710819244	0.06461593508720398	-0.04757768660783768	-0.025961190462112427	0.08701817691326141	-0.08363985270261765	-0.1331101506948471	0.10901130735874176	0.0004031956195831299	-0.06880949437618256	-0.08929896354675293	-0.06286146491765976	0.06733974814414978	0.1027216836810112	0.05395137146115303	-0.1021813452243805	-0.04236343502998352	-0.001958844717592001	-0.08371743559837341	0.004924760200083256	0.1404750943183899	-0.07205987721681595	-0.052990369498729706	0.06287052482366562	-0.08448365330696106	-0.06605301797389984	0.1789357215166092	0.008917655795812607	-0.09100940823554993	0.23840580880641937	0.06972630321979523	0.13796457648277283	-0.11064603179693222	0.03257656469941139	0.01791459135711193	0.1151471957564354	0.1116119995713234	0.025205019861459732	0.08447407186031342	0.03259884566068649	0.09548154473304749	0.09010949730873108	-0.010242277756333351	-0.07277566194534302	-0.2265634983778	-0.02480609156191349	0.07768627256155014	0.06861545145511627	-0.04774358868598938	-0.07942935079336166	0.11641800403594971	-0.08398838341236115	0.07107021659612656	0.05919606238603592	0.1633337140083313	0.0562233105301857	0.0705176442861557	-0.042007043957710266	0.23746052384376526	0.03687386214733124	0.035386763513088226	-0.0173796359449625	0.026156924664974213	0.12191025167703629
-0.059234607964754105	0.14746138453483582	0.10231737047433853	0.16252513229846954	0.00524264806881547	-0.11188734322786331	0.11028611660003662	0.23763661086559296	-0.17485976219177246	-0.15514537692070007	0.03548416495323181	-0.16957934200763702	0.029546916484832764	0.0684318020939827	0.046287309378385544	-0.032788511365652084	0.1825554370880127	0.030461106449365616	-0.10430970042943954	-0.3031173348426819	0.07831724733114243	0.024204809218645096	0.15584522485733032	-0.10215272009372711	-0.009955731220543385	0.045325301587581635	-0.14962053298950195	0.10230342298746109	-0.03925931826233864	0.06719067692756653	0.1182219609618187	-0.1388450264930725	0.050075288861989975	-0.1755170077085495	-0.07795260101556778	0.07684659212827682	0.12532074749469757	0.045220471918582916	-0.04072311893105507	-0.032788436859846115	0.08287286758422852	-0.07245390862226486	-0.11776414513587952	0.10023701190948486	0.020433947443962097	-0.04664776101708412	-0.09945761412382126	-0.05221260339021683	0.06348306685686111	0.07886794954538345	0.0572916716337204	-0.0829247385263443	-0.0338805690407753	-0.015789199620485306	-0.07431958615779877	0.008031630888581276	0.10948190093040466	-0.05024439096450806	-0.032815851271152496	0.05043768510222435	-0.067807637155056	-0.048055846244096756	0.14274069666862488	0.0055969893001019955	-0.0747981071472168	0.2216683030128479	0.06809496134519577	0.12931768596172333	-0.12584669888019562	0.05807533860206604	0.015491286292672157	0.1376303881406784	0.11037091165781021	0.02969457395374775	0.09290163964033127	0.039086051285266876	0.1084652841091156	0.09134439378976822	-0.013494474813342094	-0.07330501824617386	-0.20158745348453522	-0.025085801258683205	0.07670935988426208	0.05738426372408867	-0.03851215913891792	-0.05919944494962692	0.09514960646629333	-0.0832996591925621	0.06271408498287201	0.06408154219388962	0.14568857848644257	0.047499045729637146	0.046316538006067276	-0.041554130613803864	0.20491397380828857	0.017549268901348114	0.03208503499627113	-0.015051440335810184	0.0316324308514595	0.10957753658294678
-0.01561011467128992	0.052948325872421265	0.028117649257183075	0.06220712140202522	0.003985179588198662	-0.04251018166542053	0.04186711087822914	0.10410962998867035	-0.06461598724126816	-0.06800448149442673	0.02257995679974556	-0.057750433683395386	0.0013010940747335553	0.024031786248087883	0.02264079824090004	-0.004956906661391258	0.06900619715452194	0.006547767668962479	-0.03973114490509033	-0.13143891096115112	0.024181906133890152	0.006465122103691101	0.06266481429338455	-0.04123320057988167	-0.0030141824390739202	0.01554200891405344	-0.05180448666214943	0.04327133670449257	-0.012945985421538353	0.028791911900043488	0.04347433149814606	-0.06231988966464996	0.027972202748060226	-0.0716950073838234	-0.02519768476486206	0.02286103181540966	0.04259362071752548	0.013804956339299679	-0.01299735065549612	-0.012771187350153923	0.034015532582998276	-0.034193575382232666	-0.05506317690014839	0.03460105508565903	0.014238687232136726	-0.029000092297792435	-0.03301733732223511	-0.023511353880167007	0.026320721954107285	0.04389145225286484	0.015426114201545715	-0.042955003678798676	-0.01677083410322666	0.0020768605172634125	-0.016714992001652718	-0.002520570997148752	0.048142775893211365	-0.01839500293135643	-0.018965711817145348	0.023831993341445923	-0.034058354794979095	-0.016207899898290634	0.06034420430660248	0.00609890092164278	-0.037543103098869324	0.0895562469959259	0.03370552510023117	0.05956905707716942	-0.062212251126766205	0.02613605372607708	0.013342305086553097	0.052047137171030045	0.055078282952308655	0.006220498587936163	0.033086489886045456	0.008286301977932453	0.040888044983148575	0.03780645504593849	-0.012465814128518105	-0.037752874195575714	-0.07296692579984665	-0.013544182293117046	0.023162510246038437	0.032909490168094635	-0.003267192980274558	-0.01898062415421009	0.038405805826187134	-0.027407271787524223	0.01936199516057968	0.027259154245257378	0.044788118451833725	0.017608564347028732	0.026121996343135834	-0.014932739548385143	0.08171400427818298	0.013692108914256096	0.02558048814535141	-0.004373302683234215	0.0240777637809515	0.04087698087096214
-0.004661973565816879	0.02460380084812641	0.012087669223546982	0.030308468267321587	-0.00280633638612926	-0.024730924516916275	0.024860717356204987	0.052741847932338715	-0.040797505527734756	-0.03724270686507225	0.0027632741257548332	-0.022834226489067078	-0.005315443035215139	0.021879922598600388	0.008529440499842167	-0.0034228614531457424	0.0320361852645874	0.0005997417028993368	-0.018194451928138733	-0.05149019882082939	0.0066244034096598625	0.002480571623891592	0.028266094624996185	-0.012636170722544193	0.003905578050762415	0.0036757239140570164	-0.017835302278399467	0.011149820871651173	-0.00868976954370737	0.018814463168382645	0.02467058040201664	-0.03307202085852623	0.006496859714388847	-0.03719540685415268	-0.01414196565747261	0.017311062663793564	0.012690948322415352	0.013712008483707905	-0.000785794691182673	-0.009274880401790142	0.003031347179785371	-0.013010580092668533	-0.023524831980466843	0.020921140909194946	0.011027180589735508	-0.00638613011687994	-0.018141791224479675	-0.0059805624186992645	0.0038484849501401186	0.013377301394939423	0.005606846883893013	-0.0056123812682926655	-0.013367502018809319	-0.009663037955760956	-0.00786266103386879	0.0030237946193665266	0.011856252327561378	-0.015792889520525932	-0.00668288255110383	0.004431372042745352	-0.021007731556892395	-0.01235892716795206	0.021018847823143005	0.00714079150930047	-0.014551525935530663	0.042250555008649826	0.012322262860834599	0.020632660016417503	-0.021644145250320435	0.010104029439389706	0.009812094271183014	0.02427537553012371	0.012088427320122719	0.005809692200273275	0.025225568562746048	0.0016397318104282022	0.014711040072143078	0.01406498160213232	0.0039891442283988	-0.01598522998392582	-0.025641515851020813	-0.011505410075187683	0.02216184511780739	0.0016164063708856702	0.003759753657504916	-0.007947946898639202	0.01939072459936142	-0.018324727192521095	0.017819464206695557	0.014936123043298721	0.01697988621890545	-0.0017736752051860094	0.016497217118740082	-0.010794034227728844	0.02591356262564659	0.007261036429554224	0.001435274025425315	-0.010580036789178848	0.016063889488577843	0.01799287647008896
-0.0063332729041576385	0.00842288788408041	0.002973266178742051	0.0070411041378974915	-0.004306963179260492	-0.013397855684161186	0.0008908945601433516	0.02872302383184433	-0.006324531976133585	-0.014626595191657543	0.004622417502105236	-0.019184350967407227	0.00905263889580965	0.01248927228152752	0.003976027946919203	-0.00836534146219492	0.008504703640937805	0.007232833653688431	-0.009772773832082748	-0.015152843669056892	0.013805949129164219	0.004629463888704777	0.004450381733477116	-0.0005816514603793621	-0.004509550053626299	-0.0031207799911499023	-0.0023243241012096405	-0.0032411960419267416	-0.0037820839788764715	0.003690597601234913	0.0014868587022647262	-0.01204242929816246	0.00832198467105627	-0.01770566776394844	-0.011205383576452732	0.011052279733121395	0.006108372006565332	-0.003625091863796115	-0.0021912038791924715	-0.0015142748598009348	0.014366836287081242	-0.005026612896472216	-0.0012462250888347626	-0.002502298215404153	0.005157294683158398	0.0016316140536218882	-0.006476967129856348	-0.008206616155803204	0.006115747150033712	0.00598460528999567	-0.002953608287498355	-0.014674028381705284	-0.0023343104403465986	-0.003295116825029254	0.0037709332536906004	-0.0004192363121546805	0.015247192233800888	-0.002018458442762494	0.005054822191596031	-0.006095333956182003	-0.0026999355759471655	-0.004444814752787352	0.011625013314187527	0.00032601889688521624	-0.01104237325489521	0.02193610928952694	0.0016183530678972602	0.008478098548948765	-0.013846300542354584	0.006767021492123604	0.01086066197603941	0.005805842112749815	0.01356565859168768	0.0027180626057088375	0.012833019718527794	0.011454758234322071	0.0073927720077335835	0.005588166881352663	-0.010541454888880253	0.004291863646358252	-0.020368186756968498	0.0006656539626419544	0.005289613269269466	0.012969845905900002	0.005026930011808872	-0.00425313226878643	0.012223142199218273	3.4907268855022267e-05	0.006699228659272194	0.010421964339911938	0.012102221138775349	0.0011141281574964523	0.009905329905450344	-0.006394961848855019	0.012547476217150688	0.010382112115621567	-0.005383003037422895	-0.004660347942262888	-0.0012268933933228254	0.01421497855335474
